year,jan,feb,mar,apr,may,jun,jul,aug,sep,oct,nov,dec,win,spr,sum,aut,ann
1919,44.9,66.2,104.6,107.2,201.9,165.2,197.3,161.8,116.5,90.9,49.7,29.9,---,413.8,524.2,257.1,1336.1
1920,30.9,50.3,72.9,112.3,143.1,182.8,108,120.5,106.1,79.5,33.1,31,111.2,328.3,411.3,218.7,1070.6
1921,23.8,49,68.2,162,174.2,222.1,160.9,126,116.6,52.3,53.4,24.4,103.8,404.4,509,222.4,1233.1
1922,38.9,39,121.4,176.1,159.9,138.7,128,118.6,101.2,104.6,46.4,18.4,102.2,457.4,385.3,252.2,1191.1
1923,27.1,31.7,119.5,138.3,172.6,100.9,127.3,99.1,104.3,86.4,54.5,38.1,77.2,430.3,327.2,245.3,1099.8
1924,24.9,54.1,113.2,117.9,124.9,130.8,116.3,82.3,97.4,76.3,47.1,21.2,117.2,356,329.3,220.8,1006.3
1925,23.3,43,93.6,146,113.4,251.5,149.8,128,115.9,62.6,73.2,36.7,87.5,353.1,529.2,251.8,1237
1926,22.9,31.6,67.7,116.3,182.6,190.2,169.9,151.3,107.9,86.7,46.2,31,91.1,366.5,511.5,240.8,1204.2
1927,25.6,47.8,96.9,136,190.2,178.1,138.3,129.6,100.7,82.9,56.8,28.2,104.4,423.1,446,240.4,1211.1
1928,35.4,67.2,58.8,133.1,191.9,167,115.7,125,139.3,68.2,45.2,34.5,130.7,383.7,407.7,252.7,1181.2
1929,41.4,45.9,154.3,148.4,202.8,205.2,152.2,98.1,98.8,84.2,36.9,34.4,121.8,505.5,455.4,219.9,1302.6
1930,28.3,71.4,88.9,139.9,179.1,195.2,107.6,108,89.8,63.3,55,22.7,134.1,408,410.7,208,1149.1
1931,46.4,52.2,113.5,120.5,162.4,102.6,82.7,166.9,91.6,87,32.4,15.7,121.3,396.5,352.1,211,1074
1932,34,85.3,82.4,146.5,160.5,192.7,104.3,109.6,94.5,67.3,43,31.6,135.1,389.4,406.6,204.8,1151.7
1933,41.9,71.9,113.8,95.9,131.5,191.3,144.1,137.8,145.7,63.4,46.4,23.7,145.4,341.2,473.2,255.6,1207.5
1934,34.3,63.2,90.1,113,139.4,183.7,198.7,105,117.3,53.1,51.8,11.4,121.2,342.5,487.3,222.2,1160.8
1935,42.4,50.7,92.8,127.4,249.6,141.5,195,118,103.6,44.2,43.5,45.7,104.4,469.7,454.6,191.3,1254.4
1936,34.6,62.2,49,172.4,184.3,182.1,123.7,128.6,90.7,86.9,37.2,18,142.6,405.7,434.4,214.8,1169.8
1937,25.8,69.8,111.2,72.4,193.2,158.5,117.7,141.8,117.1,68.2,50.7,40.7,113.6,376.8,418,236,1167.2
1938,27.8,60,64.3,172.1,173.4,152.6,135.7,169.6,90.3,68.8,29.4,43.4,128.5,409.9,457.8,188.5,1187.5
1939,46.8,39.7,106.2,134.8,189.5,235.9,107.7,137.3,117.3,110.8,28.4,22.3,129.9,430.6,480.9,256.4,1276.7
1940,33.8,40.9,92,100.8,178.3,258.6,135.1,130.6,120.5,41.6,35.2,31.4,97,371.1,524.2,197.3,1198.8
1941,37.7,57,97.7,104,159.2,184.5,141.9,121.2,82.7,80.5,43.5,22,126.1,360.9,447.7,206.7,1131.9
1942,27.8,58.2,84.1,197.3,209.7,151.5,147.1,78.2,110.7,55.5,51.2,24.2,108,491.1,376.8,217.3,1195.3
1943,24,50.7,101.4,106.9,186.1,164.5,193.7,89.4,94.4,59.4,48.4,26.5,98.9,394.4,447.6,202.2,1145.5
1944,16.7,75.7,104.4,96.6,144.2,135.4,97.7,148.1,96.4,68.7,44.6,28.1,119,345.1,381.2,209.6,1056.6
1945,53.7,43.8,74.8,162.1,154.1,145.6,133.3,169.3,86.4,84.2,43.3,31.1,125.6,391,448.2,214,1181.6
1946,28.6,77.8,90.2,154.7,255.3,140.5,115.4,133.8,69,80.5,42.1,34.1,137.5,500.2,389.7,191.5,1221.9
1947,31.9,70.7,84,102.3,147.7,119.2,116.3,256.4,87.6,64.5,72.4,18.9,136.7,334,491.9,224.6,1171.9
1948,21.4,61.2,108,136.8,237.5,136.2,167.1,84.3,91.4,75.9,48.7,33,101.6,482.2,387.6,216.1,1201.6
1949,26.6,60.4,120,118.5,200.7,250.5,160.7,132.6,123.2,55.3,44.1,20.1,120,439.2,543.8,222.7,1312.8
1950,32.9,70.7,92.2,129.2,189.8,185.5,156.6,129.1,85.6,66.6,58,40.9,123.7,411.2,471.2,210.1,1237
1951,32.5,58.2,86.6,163.1,219.9,205.7,133.8,116.4,109.6,84.6,33.5,29.8,131.6,469.6,455.9,227.7,1273.7
1952,46.8,69.3,106.2,149.2,179.4,155.4,175.9,120.7,118.5,91.8,72.5,32.5,146,434.9,452,282.8,1318.3
1953,37,63.9,113.2,156.5,189.6,177.5,117.7,135.9,82,68.4,28.3,34,133.4,459.3,431,178.7,1203.8
1954,44.5,48.3,108.5,178.4,164.4,142.3,109.5,111.8,104.6,57.4,43.5,15.2,126.8,451.3,363.6,205.6,1128.5
1955,38.1,89.8,132.9,166.9,231.5,152.7,266.7,184.6,119.5,82.3,48.8,36.9,143,531.4,604,250.6,1550.7
1956,39.7,61.1,127.7,185.4,187.1,186,137.1,127,84.6,83.6,49.1,12.3,137.7,500.2,450.1,217.4,1280.8
1957,41.1,75.9,52.8,182.7,206.3,272,125.5,120.4,112.7,51.4,40.2,36.5,129.3,441.8,518,204.2,1317.5
1958,44.3,49.8,100.6,136.1,187.8,120.7,169.4,114.4,113.9,61.9,33.9,29.7,130.6,424.5,404.5,209.6,1162.5
1959,69,48.7,88.7,119.3,225.7,177.4,135.3,147.3,136.5,95.9,39.5,18.5,147.4,433.7,460,271.9,1301.8
1960,42.2,92.4,87.2,140.2,185.4,232.1,124.8,156.9,134.9,66,56.2,36,153.1,412.8,513.8,257.1,1354.3
1961,44.6,54.8,74.5,100.8,191.8,136.6,114.6,131,95.1,82.3,53.8,39.7,135.4,367.1,382.2,231.3,1119.7
1962,37.5,69.8,103.6,198.5,186.9,172.9,138.7,133.3,76.3,76.5,36.2,37.2,147.1,488.9,444.9,188.9,1267.3
1963,63.1,103.4,96.9,122.3,188.8,170.5,163.5,96.9,119.8,65.5,43.4,34.9,203.7,408,431,228.7,1269.1
1964,35.8,62.4,66.9,110.8,159.4,151.2,118.9,137.2,116,68.1,47.7,34.9,133.1,337.1,407.3,231.7,1109.3
1965,61.1,69,105.3,151.6,139.4,140.5,141,140.9,74.4,85.4,73.8,41.5,165,396.3,422.4,233.6,1223.8
1966,30.2,31.9,100.9,113.4,197.1,104.2,179.4,144.4,83.2,78.2,58.2,28.4,103.6,411.4,428,219.6,1149.5
1967,44.7,57.5,89.1,136.9,134.2,202.3,105.6,132.5,96.6,82.2,45.5,48,130.5,360.2,440.4,224.3,1175
1968,29.7,81,84.7,166.8,146.4,196.1,134.1,172.9,100.9,51.4,51.4,31.3,158.7,397.9,503.1,203.8,1246.8
1969,26,71.9,94.2,174.1,135.1,210.4,153.8,159.2,99.8,68.6,50.7,30.4,129.2,403.4,523.5,219.1,1274.2
1970,25.4,102.1,124.2,133,128.2,219.3,102.4,152.4,82,71.7,48.7,42.3,157.9,385.4,474.1,202.4,1231.6
1971,28.7,44.2,83,140.9,200.2,163.9,195.7,115.1,126.2,89.5,53.3,26.3,115.1,424.1,474.7,269,1267
1972,36.1,50.7,95.1,146.9,137.4,157.2,180,142.5,135.2,98,49,21.7,113.1,379.5,479.6,282.2,1249.7
1973,22.9,71.6,112.6,160.6,144.7,160.7,147.7,135.3,108,86,56,33.7,116.2,417.9,443.7,250,1239.7
1974,26.5,49.9,92.7,204.3,174.2,211,135.7,133.4,105.2,89.1,49.8,24.5,110.1,471.3,480.1,244,1296.2
1975,25.5,80.2,124,128.7,264,237.3,161.1,162.2,99.4,64.6,53.7,35.1,130.2,516.6,560.6,217.7,1435.7
1976,39.5,35.6,78.9,139,124.8,156.5,190.7,240.6,93.1,64.2,55.7,44.8,110.2,342.6,587.8,213,1263.3
1977,48.9,62.2,67.8,141.7,221.7,216.7,199.8,182.3,90.4,74,61.5,33.1,155.8,431.1,598.8,225.8,1400
1978,47.8,77.9,78.3,117.5,198.5,163.3,155.9,92.7,76.3,73.8,41.5,28.5,158.8,394.3,411.9,191.6,1151.9
1979,46.3,80.5,94.1,126.6,162.1,166.1,98.5,138.3,115.9,61.7,45,38,155.2,382.8,402.8,222.6,1173
1980,38.2,35.8,84.6,180.5,254.9,114.5,116.2,104.1,73.2,75.3,49.3,24.5,112,520,334.8,197.8,1151.1
1981,31,63,86.2,191.4,145.2,134.1,125.5,156.3,100.4,91.3,41.4,38.2,118.5,422.9,415.9,233.1,1204.1
1982,38.6,52.7,116.4,156.2,194.1,150.4,184.9,123.3,90.7,58.9,38.9,31.5,129.4,466.6,458.6,188.4,1236.3
1983,26,74.9,54.1,139.9,121.1,152.9,178.2,175.8,77.7,59.3,47.2,25.6,132.4,315.2,506.9,184.3,1132.9
1984,33.4,46.2,61.3,180.9,229.4,151.5,214.1,177.9,87.5,65.8,39.8,27.2,105.3,471.6,543.4,193.1,1315
1985,49.8,74.6,104.6,118.9,170.4,171.7,102.4,98.5,72,82,56.7,25.6,151.6,393.8,372.5,210.7,1127.1
1986,36.4,76,107.6,129.3,133.9,186.7,109.5,138.3,143,84.3,43.5,26.4,138,370.8,434.5,270.8,1214.9
1987,42.6,65,100.7,113.8,197.5,128.1,138.1,137.8,142.1,80.9,49.6,32.3,134,412,404,272.5,1228.5
1988,38.1,66.5,75.2,121.2,199.5,199.1,105.5,123.1,103.9,76.5,67.3,23.7,136.9,395.9,427.8,247.8,1199.8
1989,28.3,59.4,88.6,136.3,223.7,190.9,255,118.2,99.1,68.1,70.3,41.8,111.4,448.6,564.1,237.5,1379.7
1990,28.8,39.9,69.7,149.6,211.4,138.5,209.2,112.8,104.7,58.7,73.9,31.6,110.5,430.7,460.5,237.3,1228.8
1991,41.2,72.5,78.1,149.4,172.7,141.8,147,138,155.3,65.7,49.3,20.3,145.3,400.2,426.8,270.2,1231.2
1992,42.6,48.8,70.2,83.1,215.2,177.1,116.7,136.4,86.2,86.3,36.9,25.6,111.7,368.5,430.3,209.4,1125.1
1993,24.8,32.6,89.6,108.1,143,114.3,108.6,144.4,105.9,95.4,51.7,27.5,83,340.7,367.4,253,1046
1994,32.2,51.7,73.7,131.4,184.4,120.4,146.5,136.8,108.1,71.1,32.9,27,111.4,389.6,403.7,212.2,1116.4
1995,41.5,53.9,83.8,145.2,169.5,246,173.2,232.7,116.2,65.4,53.5,50.1,122.3,398.5,651.9,235.2,1430.9
1996,20.7,85.6,74.6,92.2,172.6,216,147.3,139.6,146.4,63.8,69.6,42.3,156.4,339.4,502.9,279.9,1270.8
1997,28,52.3,86.9,102.1,197.8,156.5,149.2,169.1,131.4,99.8,30.5,26.4,122.5,386.8,474.8,261.7,1229.9
1998,36.2,34.3,51.4,139,161.2,143.5,125,123.6,112.4,96.4,53.6,28.3,96.9,351.5,392.1,262.3,1104.8
1999,35.7,74.5,107,139.3,159.1,148.3,169.7,148.8,103,73.2,55.1,35.5,138.5,405.5,466.8,231.3,1249.2
2000,54.1,55.3,78.1,135.6,258.7,138,173.5,151.1,90.3,75.7,50.1,34.4,144.9,472.4,462.6,216.1,1295
2001,51,80.6,126,130.3,222.6,123,125.7,138,110.4,56.8,38.8,55.4,166,478.8,386.7,206,1258.5
2002,27.1,49.3,108.6,137.1,149,119.3,103.9,143.3,120,73,36.6,31.9,131.8,394.7,366.5,229.5,1099.1
2003,49.5,88.1,153.5,180.8,136.7,168.7,139.9,186.1,109.5,109.9,54,37.1,169.4,471,494.7,273.3,1413.7
2004,31.1,94.4,106.3,119,195.2,126.7,145,145.2,108.5,70.9,40.2,31.5,162.6,420.4,416.9,219.7,1214
2005,40.1,77.9,90.6,148.6,201.1,133.5,153.9,155.7,102.6,44.8,62.8,34.4,149.4,440.3,443.2,210.2,1246
2006,34.8,74.2,77.4,170.8,192.3,181.3,205.1,139.1,105.1,70.4,48.9,31.5,143.5,440.5,525.5,224.4,1330.9
2007,35.8,67.4,122.3,187.3,189.3,132.8,158.7,132.5,103.4,92.3,41,31.3,134.7,498.9,424.1,236.7,1294
2008,19.6,72.2,107.8,152.9,210.1,156.8,135.5,85,72.9,92.9,53.5,39.3,123.1,470.9,377.3,219.3,1198.5
2009,35.1,46.3,110.2,150.1,197.5,204.3,165.1,119.5,101.1,80.9,45.9,30.6,120.6,457.8,488.9,227.9,1286.6
2010,53.7,71.8,94.6,161,203.5,193,103.1,166.9,125.7,90.8,65.1,54.8,156.1,459.1,463,281.6,1384
2011,44.5,52.3,86.3,187.4,164.1,137.3,200.1,103.3,97.4,43.6,52.9,19,151.5,437.8,440.7,193.9,1188.1
2012,38.3,41.3,123.1,140.9,215.6,103.3,110,147,110.1,87.2,51.4,32.8,98.6,479.5,360.3,248.6,1201
2013,25.5,83.2,83.5,173.9,161.4,162.6,219,113.7,89.2,59.8,61.7,23.2,141.6,418.8,495.2,210.7,1256.6
2014,21.5,43.3,97.1,140.6,112.4,147.9,200.3,158.1,107.7,65.1,47.7,34.7,88,350.1,506.2,220.6,1176.4
2015,42.1,62.6,96.3,206.4,168.3,134.5,127,136.4,139,86,27.3,16.6,139.4,471,397.9,252.3,1242.4
2016,19.1,72.5,105.7,158,221.6,147.5,112.7,139.2,86.5,92.9,67.2,20.4,108.1,485.3,399.4,246.6,1243.3
2017,43.5,43.9,107.7,136,231,107.9,145.2,120.5,93.4,51.6,62.9,41.1,107.9,474.7,373.7,207.9,1184.9
2018,37.1,91.7,90.4,126.1,226.1,232.7,195.5,110.5,98.2,83.2,54,27.7,169.9,442.6,538.8,235.5,1373.4
2019,48.3,73.1,84.9,162.1,184.7,162.5,139.4,140.7,111.7,97.4,55.2,30.1,149.1,431.7,442.7,264.3,1290.1
2020,20.5,59.4,99.4,211.2,239.7,143.7,112,123.7,,,,,109.9,550.3,379.4,,
